Date,KPI,Metric,Hospital,Scores
2022-11-01,# > 24 Hours,75.0,MRH Portlaoise,7
2022-11-01,# > 24 Hours,75.0,MRH Tullamore,3
2022-11-01,# > 24 Hours,75.0,Naas General Hospital,99
2022-11-01,# > 24 Hours,75.0,St. James's Hospital,39
2022-11-01,# > 24 Hours,75.0,Tallaght University Hospital,184
2022-11-01,# > 24 Hours,75.0,National,2172
2022-12-01,# > 24 Hours,75.0,MRH Portlaoise,2
2022-12-01,# > 24 Hours,75.0,MRH Tullamore,6
2022-12-01,# > 24 Hours,75.0,Naas General Hospital,147
2022-12-01,# > 24 Hours,75.0,St. James's Hospital,27
2022-12-01,# > 24 Hours,75.0,Tallaght University Hospital,144
2022-12-01,# > 24 Hours,75.0,National,2858
2022-07-01,# > 24 Hours,75.0,MRH Portlaoise,1
2022-07-01,# > 24 Hours,75.0,MRH Tullamore,19
2022-07-01,# > 24 Hours,75.0,Naas General Hospital,104
2022-07-01,# > 24 Hours,75.0,St. James's Hospital,35
2022-07-01,# > 24 Hours,75.0,Tallaght University Hospital,72
2022-07-01,# > 24 Hours,75.0,National,1742
2022-08-01,# > 24 Hours,75.0,MRH Portlaoise,4
2022-08-01,# > 24 Hours,75.0,MRH Tullamore,11
2022-08-01,# > 24 Hours,75.0,Naas General Hospital,102
2022-08-01,# > 24 Hours,75.0,St. James's Hospital,9
2022-08-01,# > 24 Hours,75.0,Tallaght University Hospital,112
2022-08-01,# > 24 Hours,75.0,National,1668
2022-09-01,# > 24 Hours,75.0,MRH Portlaoise,0
2022-09-01,# > 24 Hours,75.0,MRH Tullamore,7
2022-09-01,# > 24 Hours,75.0,Naas General Hospital,101
2022-09-01,# > 24 Hours,75.0,St. James's Hospital,39
2022-09-01,# > 24 Hours,75.0,Tallaght University Hospital,114
2022-09-01,# > 24 Hours,75.0,National,1674
2022-04-01,# > 24 Hours,75.0,MRH Portlaoise,2
2022-04-01,# > 24 Hours,75.0,MRH Tullamore,35
2022-04-01,# > 24 Hours,75.0,Naas General Hospital,72
2022-04-01,# > 24 Hours,75.0,St. James's Hospital,13
2022-04-01,# > 24 Hours,75.0,Tallaght University Hospital,101
2022-04-01,# > 24 Hours,75.0,National,1503
2022-05-01,# > 24 Hours,75.0,MRH Portlaoise,3
2022-05-01,# > 24 Hours,75.0,MRH Tullamore,21
2022-05-01,# > 24 Hours,75.0,Naas General Hospital,36
2022-05-01,# > 24 Hours,75.0,St. James's Hospital,13
2022-05-01,# > 24 Hours,75.0,Tallaght University Hospital,73
2022-05-01,# > 24 Hours,75.0,National,1437
2022-06-01,# > 24 Hours,75.0,MRH Portlaoise,5
2022-06-01,# > 24 Hours,75.0,MRH Tullamore,11
2022-06-01,# > 24 Hours,75.0,Naas General Hospital,75
2022-06-01,# > 24 Hours,75.0,St. James's Hospital,13
2022-06-01,# > 24 Hours,75.0,Tallaght University Hospital,93
2022-06-01,# > 24 Hours,75.0,National,1742
2022-01-01,# > 24 Hours,75.0,MRH Portlaoise,8
2022-01-01,# > 24 Hours,75.0,MRH Tullamore,52
2022-01-01,# > 24 Hours,75.0,Naas General Hospital,66
2022-01-01,# > 24 Hours,75.0,St. James's Hospital,5
2022-01-01,# > 24 Hours,75.0,Tallaght University Hospital,112
2022-01-01,# > 24 Hours,75.0,National,1527
2022-02-01,# > 24 Hours,75.0,MRH Portlaoise,11
2022-02-01,# > 24 Hours,75.0,MRH Tullamore,78
2022-02-01,# > 24 Hours,75.0,Naas General Hospital,76
2022-02-01,# > 24 Hours,75.0,St. James's Hospital,15
2022-02-01,# > 24 Hours,75.0,Tallaght University Hospital,129
2022-02-01,# > 24 Hours,75.0,National,1694
2022-03-01,# > 24 Hours,75.0,MRH Portlaoise,7
2022-03-01,# > 24 Hours,75.0,MRH Tullamore,50
2022-03-01,# > 24 Hours,75.0,Naas General Hospital,115
2022-03-01,# > 24 Hours,75.0,St. James's Hospital,23
2022-03-01,# > 24 Hours,75.0,Tallaght University Hospital,165
2022-03-01,# > 24 Hours,75.0,National,2036
2023-01-01,# > 24 Hours,75.0,MRH Portlaoise,2
2023-01-01,# > 24 Hours,75.0,MRH Tullamore,2
2023-01-01,# > 24 Hours,75.0,Naas General Hospital,131
2023-01-01,# > 24 Hours,75.0,St. James's Hospital,35
2023-01-01,# > 24 Hours,75.0,Tallaght University Hospital,120
2023-01-01,# > 24 Hours,75.0,National,1913
2023-02-01,# > 24 Hours,75.0,MRH Portlaoise,1
2023-02-01,# > 24 Hours,75.0,MRH Tullamore,1
2023-02-01,# > 24 Hours,75.0,Naas General Hospital,86
2023-02-01,# > 24 Hours,75.0,St. James's Hospital,28
2023-02-01,# > 24 Hours,75.0,Tallaght University Hospital,111
2023-02-01,# > 24 Hours,75.0,National,1634
2023-03-01,# > 24 Hours,75.0,MRH Portlaoise,5
2023-03-01,# > 24 Hours,75.0,MRH Tullamore,1
2023-03-01,# > 24 Hours,75.0,Naas General Hospital,87
2023-03-01,# > 24 Hours,75.0,St. James's Hospital,75
2023-03-01,# > 24 Hours,75.0,Tallaght University Hospital,155
2023-03-01,# > 24 Hours,75.0,National,2153
2023-04-01,# > 24 Hours,75.0,MRH Portlaoise,5
2023-04-01,# > 24 Hours,75.0,MRH Tullamore,1
2023-04-01,# > 24 Hours,75.0,Naas General Hospital,68
2023-04-01,# > 24 Hours,75.0,St. James's Hospital,47
2023-04-01,# > 24 Hours,75.0,Tallaght University Hospital,126
2023-04-01,# > 24 Hours,75.0,National,1768
2023-05-01,# > 24 Hours,75.0,MRH Portlaoise,4
2023-05-01,# > 24 Hours,75.0,MRH Tullamore,1
2023-05-01,# > 24 Hours,75.0,Naas General Hospital,112
2023-05-01,# > 24 Hours,75.0,St. James's Hospital,51
2023-05-01,# > 24 Hours,75.0,Tallaght University Hospital,158
2023-05-01,# > 24 Hours,75.0,National,1893
2023-06-01,# > 24 Hours,75.0,MRH Portlaoise,0
2023-06-01,# > 24 Hours,75.0,MRH Tullamore,0
2023-06-01,# > 24 Hours,75.0,Naas General Hospital,75
2023-06-01,# > 24 Hours,75.0,St. James's Hospital,44
2023-06-01,# > 24 Hours,75.0,Tallaght University Hospital,113
2023-06-01,# > 24 Hours,75.0,National,1229
2022-10-01,# > 24 Hours,All,MRH Portlaoise,32
2022-10-01,# > 24 Hours,All,MRH Tullamore,65
2022-10-01,# > 24 Hours,All,Naas General Hospital,293
2022-10-01,# > 24 Hours,All,St. James's Hospital,513
2022-10-01,# > 24 Hours,All,Tallaght University Hospital,702
2022-10-01,# > 24 Hours,All,National,7082
2022-11-01,# > 24 Hours,All,MRH Portlaoise,47
2022-11-01,# > 24 Hours,All,MRH Tullamore,44
2022-11-01,# > 24 Hours,All,Naas General Hospital,314
2022-11-01,# > 24 Hours,All,St. James's Hospital,371
2022-11-01,# > 24 Hours,All,Tallaght University Hospital,733
2022-11-01,# > 24 Hours,All,National,6898
2022-12-01,# > 24 Hours,All,MRH Portlaoise,47
2022-12-01,# > 24 Hours,All,MRH Tullamore,44
2022-12-01,# > 24 Hours,All,Naas General Hospital,388
2022-12-01,# > 24 Hours,All,St. James's Hospital,249
2022-12-01,# > 24 Hours,All,Tallaght University Hospital,617
2022-12-01,# > 24 Hours,All,National,7954
2022-07-01,# > 24 Hours,All,MRH Portlaoise,35
2022-07-01,# > 24 Hours,All,MRH Tullamore,80
2022-07-01,# > 24 Hours,All,Naas General Hospital,266
2022-07-01,# > 24 Hours,All,St. James's Hospital,219
2022-07-01,# > 24 Hours,All,Tallaght University Hospital,346
2022-07-01,# > 24 Hours,All,National,5268
2022-08-01,# > 24 Hours,All,MRH Portlaoise,44
2022-08-01,# > 24 Hours,All,MRH Tullamore,42
2022-08-01,# > 24 Hours,All,Naas General Hospital,333
2022-08-01,# > 24 Hours,All,St. James's Hospital,87
2022-08-01,# > 24 Hours,All,Tallaght University Hospital,490
2022-08-01,# > 24 Hours,All,National,5199
2022-09-01,# > 24 Hours,All,MRH Portlaoise,18
2022-09-01,# > 24 Hours,All,MRH Tullamore,33
2022-09-01,# > 24 Hours,All,Naas General Hospital,286
2022-09-01,# > 24 Hours,All,St. James's Hospital,257
2022-09-01,# > 24 Hours,All,Tallaght University Hospital,609
2022-09-01,# > 24 Hours,All,National,5352
2022-04-01,# > 24 Hours,All,MRH Portlaoise,34
2022-04-01,# > 24 Hours,All,MRH Tullamore,137
2022-04-01,# > 24 Hours,All,Naas General Hospital,233
2022-04-01,# > 24 Hours,All,St. James's Hospital,115
2022-04-01,# > 24 Hours,All,Tallaght University Hospital,516
2022-04-01,# > 24 Hours,All,National,4646
2022-05-01,# > 24 Hours,All,MRH Portlaoise,44
2022-05-01,# > 24 Hours,All,MRH Tullamore,77
2022-05-01,# > 24 Hours,All,Naas General Hospital,122
2022-05-01,# > 24 Hours,All,St. James's Hospital,109
2022-05-01,# > 24 Hours,All,Tallaght University Hospital,484
2022-05-01,# > 24 Hours,All,National,4593
2022-06-01,# > 24 Hours,All,MRH Portlaoise,32
2022-06-01,# > 24 Hours,All,MRH Tullamore,80
2022-06-01,# > 24 Hours,All,Naas General Hospital,228
2022-06-01,# > 24 Hours,All,St. James's Hospital,95
2022-06-01,# > 24 Hours,All,Tallaght University Hospital,498
2022-06-01,# > 24 Hours,All,National,5155
2022-01-01,# > 24 Hours,All,MRH Portlaoise,44
2022-01-01,# > 24 Hours,All,MRH Tullamore,151
2022-01-01,# > 24 Hours,All,Naas General Hospital,206
2022-01-01,# > 24 Hours,All,St. James's Hospital,79
2022-01-01,# > 24 Hours,All,Tallaght University Hospital,563
2022-01-01,# > 24 Hours,All,National,4561
2022-02-01,# > 24 Hours,All,MRH Portlaoise,42
2022-02-01,# > 24 Hours,All,MRH Tullamore,225
2022-02-01,# > 24 Hours,All,Naas General Hospital,198
2022-02-01,# > 24 Hours,All,St. James's Hospital,108
2022-02-01,# > 24 Hours,All,Tallaght University Hospital,654
2022-02-01,# > 24 Hours,All,National,5162
2022-03-01,# > 24 Hours,All,MRH Portlaoise,40
2022-03-01,# > 24 Hours,All,MRH Tullamore,193
2022-03-01,# > 24 Hours,All,Naas General Hospital,271
2022-03-01,# > 24 Hours,All,St. James's Hospital,180
2022-03-01,# > 24 Hours,All,Tallaght University Hospital,732
2022-03-01,# > 24 Hours,All,National,5992
2023-01-01,# > 24 Hours,All,MRH Portlaoise,18
2023-01-01,# > 24 Hours,All,MRH Tullamore,18
2023-01-01,# > 24 Hours,All,Naas General Hospital,383
2023-01-01,# > 24 Hours,All,St. James's Hospital,324
2023-01-01,# > 24 Hours,All,Tallaght University Hospital,604
2023-01-01,# > 24 Hours,All,National,5756
2023-02-01,# > 24 Hours,All,MRH Portlaoise,15
2023-02-01,# > 24 Hours,All,MRH Tullamore,8
2023-02-01,# > 24 Hours,All,Naas General Hospital,312
2023-02-01,# > 24 Hours,All,St. James's Hospital,286
2023-02-01,# > 24 Hours,All,Tallaght University Hospital,545
2023-02-01,# > 24 Hours,All,National,5348
2023-03-01,# > 24 Hours,All,MRH Portlaoise,52
2023-03-01,# > 24 Hours,All,MRH Tullamore,5
2023-03-01,# > 24 Hours,All,Naas General Hospital,348
2023-03-01,# > 24 Hours,All,St. James's Hospital,509
2023-03-01,# > 24 Hours,All,Tallaght University Hospital,655
2023-03-01,# > 24 Hours,All,National,6750
2023-04-01,# > 24 Hours,All,MRH Portlaoise,36
2023-04-01,# > 24 Hours,All,MRH Tullamore,4
2023-04-01,# > 24 Hours,All,Naas General Hospital,258
2023-04-01,# > 24 Hours,All,St. James's Hospital,369
2023-04-01,# > 24 Hours,All,Tallaght University Hospital,567
2023-04-01,# > 24 Hours,All,National,5638
2023-05-01,# > 24 Hours,All,MRH Portlaoise,37
2023-05-01,# > 24 Hours,All,MRH Tullamore,6
2023-05-01,# > 24 Hours,All,Naas General Hospital,370
2023-05-01,# > 24 Hours,All,St. James's Hospital,445
2023-05-01,# > 24 Hours,All,Tallaght University Hospital,637
2023-05-01,# > 24 Hours,All,National,6011
2023-06-01,# > 24 Hours,All,MRH Portlaoise,12
2023-06-01,# > 24 Hours,All,MRH Tullamore,2
2023-06-01,# > 24 Hours,All,Naas General Hospital,235
2023-06-01,# > 24 Hours,All,St. James's Hospital,398
2023-06-01,# > 24 Hours,All,Tallaght University Hospital,494
2023-06-01,# > 24 Hours,All,National,4032
2022-10-01,# DNA,none,MRH Portlaoise,176
2022-10-01,# DNA,none,MRH Tullamore,336
2022-10-01,# DNA,none,Naas General Hospital,298
2022-10-01,# DNA,none,St. James's Hospital,671
2022-10-01,# DNA,none,Tallaght University Hospital,884
2022-10-01,# DNA,none,National,11557
2022-11-01,# DNA,none,MRH Portlaoise,162
2022-11-01,# DNA,none,MRH Tullamore,273
2022-11-01,# DNA,none,Naas General Hospital,275
2022-11-01,# DNA,none,St. James's Hospital,558
2022-11-01,# DNA,none,Tallaght University Hospital,986
2022-11-01,# DNA,none,National,10409
2022-12-01,# DNA,none,MRH Portlaoise,182
2022-12-01,# DNA,none,MRH Tullamore,238
2022-12-01,# DNA,none,Naas General Hospital,299
2022-12-01,# DNA,none,St. James's Hospital,526
2022-12-01,# DNA,none,Tallaght University Hospital,810
2022-12-01,# DNA,none,National,12022
2022-07-01,# DNA,none,MRH Portlaoise,117
2022-07-01,# DNA,none,MRH Tullamore,254
2022-07-01,# DNA,none,Naas General Hospital,276
2022-07-01,# DNA,none,St. James's Hospital,537
2022-07-01,# DNA,none,Tallaght University Hospital,699
2022-07-01,# DNA,none,National,9291
2022-08-01,# DNA,none,MRH Portlaoise,206
2022-08-01,# DNA,none,MRH Tullamore,253
2022-08-01,# DNA,none,Naas General Hospital,249
2022-08-01,# DNA,none,St. James's Hospital,517
2022-08-01,# DNA,none,Tallaght University Hospital,697
2022-08-01,# DNA,none,National,8885
2022-09-01,# DNA,none,MRH Portlaoise,141
2022-09-01,# DNA,none,MRH Tullamore,133
2022-09-01,# DNA,none,Naas General Hospital,188
2022-09-01,# DNA,none,St. James's Hospital,652
2022-09-01,# DNA,none,Tallaght University Hospital,917
2022-09-01,# DNA,none,National,8953
2022-04-01,# DNA,none,MRH Portlaoise,117
2022-04-01,# DNA,none,MRH Tullamore,374
2022-04-01,# DNA,none,Naas General Hospital,343
2022-04-01,# DNA,none,St. James's Hospital,534
2022-04-01,# DNA,none,Tallaght University Hospital,804
2022-04-01,# DNA,none,National,8785
2022-05-01,# DNA,none,MRH Portlaoise,116
2022-05-01,# DNA,none,MRH Tullamore,377
2022-05-01,# DNA,none,Naas General Hospital,349
2022-05-01,# DNA,none,St. James's Hospital,561
2022-05-01,# DNA,none,Tallaght University Hospital,801
2022-05-01,# DNA,none,National,9926
2022-06-01,# DNA,none,MRH Portlaoise,178
2022-06-01,# DNA,none,MRH Tullamore,320
2022-06-01,# DNA,none,Naas General Hospital,334
2022-06-01,# DNA,none,St. James's Hospital,563
2022-06-01,# DNA,none,Tallaght University Hospital,830
2022-06-01,# DNA,none,National,9577
2022-01-01,# DNA,none,MRH Portlaoise,116
2022-01-01,# DNA,none,MRH Tullamore,172
2022-01-01,# DNA,none,Naas General Hospital,177
2022-01-01,# DNA,none,St. James's Hospital,469
2022-01-01,# DNA,none,Tallaght University Hospital,836
2022-01-01,# DNA,none,National,6937
2022-02-01,# DNA,none,MRH Portlaoise,162
2022-02-01,# DNA,none,MRH Tullamore,224
2022-02-01,# DNA,none,Naas General Hospital,254
2022-02-01,# DNA,none,St. James's Hospital,512
2022-02-01,# DNA,none,Tallaght University Hospital,1084
2022-02-01,# DNA,none,National,8281
2022-03-01,# DNA,none,MRH Portlaoise,172
2022-03-01,# DNA,none,MRH Tullamore,349
2022-03-01,# DNA,none,Naas General Hospital,289
2022-03-01,# DNA,none,St. James's Hospital,714
2022-03-01,# DNA,none,Tallaght University Hospital,1096
2022-03-01,# DNA,none,National,10366
2023-01-01,# DNA,none,MRH Portlaoise,143
2023-01-01,# DNA,none,MRH Tullamore,146
2023-01-01,# DNA,none,Naas General Hospital,214
2023-01-01,# DNA,none,St. James's Hospital,447
2023-01-01,# DNA,none,Tallaght University Hospital,578
2023-01-01,# DNA,none,National,6653
2023-02-01,# DNA,none,MRH Portlaoise,147
2023-02-01,# DNA,none,MRH Tullamore,189
2023-02-01,# DNA,none,Naas General Hospital,223
2023-02-01,# DNA,none,St. James's Hospital,467
2023-02-01,# DNA,none,Tallaght University Hospital,741
2023-02-01,# DNA,none,National,7777
2023-03-01,# DNA,none,MRH Portlaoise,207
2023-03-01,# DNA,none,MRH Tullamore,211
2023-03-01,# DNA,none,Naas General Hospital,261
2023-03-01,# DNA,none,St. James's Hospital,658
2023-03-01,# DNA,none,Tallaght University Hospital,823
2023-03-01,# DNA,none,National,10026
2023-04-01,# DNA,none,MRH Portlaoise,190
2023-04-01,# DNA,none,MRH Tullamore,237
2023-04-01,# DNA,none,Naas General Hospital,269
2023-04-01,# DNA,none,St. James's Hospital,621
2023-04-01,# DNA,none,Tallaght University Hospital,611
2023-04-01,# DNA,none,National,9257
2023-05-01,# DNA,none,MRH Portlaoise,198
2023-05-01,# DNA,none,MRH Tullamore,294
2023-05-01,# DNA,none,Naas General Hospital,302
2023-05-01,# DNA,none,St. James's Hospital,801
2023-05-01,# DNA,none,Tallaght University Hospital,757
2023-05-01,# DNA,none,National,10085
2023-06-01,# DNA,none,MRH Portlaoise,170
2023-06-01,# DNA,none,MRH Tullamore,173
2023-06-01,# DNA,none,Naas General Hospital,303
2023-06-01,# DNA,none,St. James's Hospital,640
2023-06-01,# DNA,none,Tallaght University Hospital,837
2023-06-01,# DNA,none,National,9326
2022-10-01,% DNA,none,MRH Portlaoise,0.0458214006769071
2022-10-01,% DNA,none,MRH Tullamore,0.0975326560232221
2022-10-01,% DNA,none,Naas General Hospital,0.106733524355301
2022-10-01,% DNA,none,St. James's Hospital,0.144799309451877
2022-10-01,% DNA,none,Tallaght University Hospital,0.197984322508399
2022-10-01,% DNA,none,National,0.0890068081698038
2022-11-01,% DNA,none,MRH Portlaoise,0.0443592552026287
2022-11-01,% DNA,none,MRH Tullamore,0.0850202429149798
2022-11-01,% DNA,none,Naas General Hospital,0.105932203389831
2022-11-01,% DNA,none,St. James's Hospital,0.125534308211474
2022-11-01,% DNA,none,Tallaght University Hospital,0.228611175515882
2022-11-01,% DNA,none,National,0.0831555821849411
2022-12-01,% DNA,none,MRH Portlaoise,0.045
2022-12-01,% DNA,none,MRH Tullamore,0.075
2022-12-01,% DNA,none,Naas General Hospital,0.117
2022-12-01,% DNA,none,St. James's Hospital,0.12
2022-12-01,% DNA,none,Tallaght University Hospital,0.194
2022-12-01,% DNA,none,National,0.094
2022-07-01,% DNA,none,MRH Portlaoise,0.0342907385697538
2022-07-01,% DNA,none,MRH Tullamore,0.0767835550181378
2022-07-01,% DNA,none,Naas General Hospital,0.107770402186646
2022-07-01,% DNA,none,St. James's Hospital,0.123193392980041
2022-07-01,% DNA,none,Tallaght University Hospital,0.157859078590786
2022-07-01,% DNA,none,National,0.0780303857427206
2022-08-01,% DNA,none,MRH Portlaoise,0.0585893060295791
2022-08-01,% DNA,none,MRH Tullamore,0.0731002600404507
2022-08-01,% DNA,none,Naas General Hospital,0.0944971537001898
2022-08-01,% DNA,none,St. James's Hospital,0.11581541218638
2022-08-01,% DNA,none,Tallaght University Hospital,0.156313074680422
2022-08-01,% DNA,none,National,0.0730319992766668
2022-09-01,% DNA,none,MRH Portlaoise,0.043
2022-09-01,% DNA,none,MRH Tullamore,0.042
2022-09-01,% DNA,none,Naas General Hospital,0.073
2022-09-01,% DNA,none,St. James's Hospital,0.146
2022-09-01,% DNA,none,Tallaght University Hospital,0.204
2022-09-01,% DNA,none,National,0.074
2022-04-01,% DNA,none,MRH Portlaoise,0.0345438441098317
2022-04-01,% DNA,none,MRH Tullamore,0.111909036505087
2022-04-01,% DNA,none,Naas General Hospital,0.126896041435442
2022-04-01,% DNA,none,St. James's Hospital,0.127052105638829
2022-04-01,% DNA,none,Tallaght University Hospital,0.19415600096595
2022-04-01,% DNA,none,National,0.0738179465418582
2022-05-01,% DNA,none,MRH Portlaoise,0.0308346624136098
2022-05-01,% DNA,none,MRH Tullamore,0.105839416058394
2022-05-01,% DNA,none,Naas General Hospital,0.122327374693305
2022-05-01,% DNA,none,St. James's Hospital,0.121402293875784
2022-05-01,% DNA,none,Tallaght University Hospital,0.175657894736842
2022-05-01,% DNA,none,National,0.0762453431654952
2022-06-01,% DNA,none,MRH Portlaoise,0.05
2022-06-01,% DNA,none,MRH Tullamore,0.098
2022-06-01,% DNA,none,Naas General Hospital,0.127
2022-06-01,% DNA,none,St. James's Hospital,0.127
2022-06-01,% DNA,none,Tallaght University Hospital,0.188
2022-06-01,% DNA,none,National,0.079
2022-01-01,% DNA,none,MRH Portlaoise,0.0377727124715077
2022-01-01,% DNA,none,MRH Tullamore,0.057371581054036
2022-01-01,% DNA,none,Naas General Hospital,0.0726899383983573
2022-01-01,% DNA,none,St. James's Hospital,0.113422007255139
2022-01-01,% DNA,none,Tallaght University Hospital,0.200335490055116
2022-01-01,% DNA,none,National,0.062157270348733
2022-02-01,% DNA,none,MRH Portlaoise,0.0512496045555204
2022-02-01,% DNA,none,MRH Tullamore,0.0749163879598662
2022-02-01,% DNA,none,Naas General Hospital,0.102875658161199
2022-02-01,% DNA,none,St. James's Hospital,0.126108374384236
2022-02-01,% DNA,none,Tallaght University Hospital,0.258464473056748
2022-02-01,% DNA,none,National,0.0745223675092917
2022-03-01,% DNA,none,MRH Portlaoise,0.047
2022-03-01,% DNA,none,MRH Tullamore,0.1
2022-03-01,% DNA,none,Naas General Hospital,0.103
2022-03-01,% DNA,none,St. James's Hospital,0.154
2022-03-01,% DNA,none,Tallaght University Hospital,0.246
2022-03-01,% DNA,none,National,0.082
2023-01-01,% DNA,none,MRH Portlaoise,0.043
2023-01-01,% DNA,none,MRH Tullamore,0.049
2023-01-01,% DNA,none,Naas General Hospital,0.09
2023-01-01,% DNA,none,St. James's Hospital,0.105
2023-01-01,% DNA,none,Tallaght University Hospital,0.142
2023-01-01,% DNA,none,National,0.059
2023-02-01,% DNA,none,MRH Portlaoise,0.045
2023-02-01,% DNA,none,MRH Tullamore,0.062
2023-02-01,% DNA,none,Naas General Hospital,0.088
2023-02-01,% DNA,none,St. James's Hospital,0.115
2023-02-01,% DNA,none,Tallaght University Hospital,0.185
2023-02-01,% DNA,none,National,0.07
2023-03-01,% DNA,none,MRH Portlaoise,0.055
2023-03-01,% DNA,none,MRH Tullamore,0.062
2023-03-01,% DNA,none,Naas General Hospital,0.094
2023-03-01,% DNA,none,St. James's Hospital,0.138
2023-03-01,% DNA,none,Tallaght University Hospital,0.175
2023-03-01,% DNA,none,National,0.079
2023-04-01,% DNA,none,MRH Portlaoise,0.055
2023-04-01,% DNA,none,MRH Tullamore,0.07
2023-04-01,% DNA,none,Naas General Hospital,0.101
2023-04-01,% DNA,none,St. James's Hospital,0.138
2023-04-01,% DNA,none,Tallaght University Hospital,0.137
2023-04-01,% DNA,none,National,0.077
2023-05-01,% DNA,none,MRH Portlaoise,0.05
2023-05-01,% DNA,none,MRH Tullamore,0.075
2023-05-01,% DNA,none,Naas General Hospital,0.113
2023-05-01,% DNA,none,St. James's Hospital,0.165
2023-05-01,% DNA,none,Tallaght University Hospital,0.147
2023-05-01,% DNA,none,National,0.076
2023-06-01,% DNA,none,MRH Portlaoise,0.049
2023-06-01,% DNA,none,MRH Tullamore,0.049
2023-06-01,% DNA,none,Naas General Hospital,0.105
2023-06-01,% DNA,none,St. James's Hospital,0.137
2023-06-01,% DNA,none,Tallaght University Hospital,0.17
2023-06-01,% DNA,none,National,0.075
2022-10-01,% Within 24 Hours,75.0,MRH Portlaoise,0.997058823529412
2022-10-01,% Within 24 Hours,75.0,MRH Tullamore,0.979310344827586
2022-10-01,% Within 24 Hours,75.0,Naas General Hospital,0.774487471526196
2022-10-01,% Within 24 Hours,75.0,St. James's Hospital,0.886035313001605
2022-10-01,% Within 24 Hours,75.0,Tallaght University Hospital,0.709090909090909
2022-10-01,% Within 24 Hours,75.0,National,0.874941286989197
2022-11-01,% Within 24 Hours,75.0,MRH Portlaoise,0.976190476190476
2022-11-01,% Within 24 Hours,75.0,MRH Tullamore,0.994623655913979
2022-11-01,% Within 24 Hours,75.0,Naas General Hospital,0.757352941176471
2022-11-01,% Within 24 Hours,75.0,St. James's Hospital,0.931698774080561
2022-11-01,% Within 24 Hours,75.0,Tallaght University Hospital,0.660516605166052
2022-11-01,% Within 24 Hours,75.0,National,0.870258646436892
2022-12-01,% Within 24 Hours,75.0,MRH Portlaoise,0.99388379204893
2022-12-01,% Within 24 Hours,75.0,MRH Tullamore,0.990384615384615
2022-12-01,% Within 24 Hours,75.0,Naas General Hospital,0.658139534883721
2022-12-01,% Within 24 Hours,75.0,St. James's Hospital,0.958139534883721
2022-12-01,% Within 24 Hours,75.0,Tallaght University Hospital,0.726755218216319
2022-12-01,% Within 24 Hours,75.0,National,0.840129775689434
2022-07-01,% Within 24 Hours,75.0,MRH Portlaoise,0.997267759562841
2022-07-01,% Within 24 Hours,75.0,MRH Tullamore,0.963809523809524
2022-07-01,% Within 24 Hours,75.0,Naas General Hospital,0.756440281030445
2022-07-01,% Within 24 Hours,75.0,St. James's Hospital,0.94488188976378
2022-07-01,% Within 24 Hours,75.0,Tallaght University Hospital,0.866666666666667
2022-07-01,% Within 24 Hours,75.0,National,0.895682376190191
2022-08-01,% Within 24 Hours,75.0,MRH Portlaoise,0.989664082687339
2022-08-01,% Within 24 Hours,75.0,MRH Tullamore,0.980836236933798
2022-08-01,% Within 24 Hours,75.0,Naas General Hospital,0.747524752475248
2022-08-01,% Within 24 Hours,75.0,St. James's Hospital,0.984771573604061
2022-08-01,% Within 24 Hours,75.0,Tallaght University Hospital,0.772357723577236
2022-08-01,% Within 24 Hours,75.0,National,0.901465028355388
2022-09-01,% Within 24 Hours,75.0,MRH Portlaoise,1
2022-09-01,% Within 24 Hours,75.0,MRH Tullamore,0.987477638640429
2022-09-01,% Within 24 Hours,75.0,Naas General Hospital,0.732095490716181
2022-09-01,% Within 24 Hours,75.0,St. James's Hospital,0.934782608695652
2022-09-01,% Within 24 Hours,75.0,Tallaght University Hospital,0.782857142857143
2022-09-01,% Within 24 Hours,75.0,National,0.897155495484426
2022-04-01,% Within 24 Hours,75.0,MRH Portlaoise,0.99250936329588
2022-04-01,% Within 24 Hours,75.0,MRH Tullamore,0.934456928838951
2022-04-01,% Within 24 Hours,75.0,Naas General Hospital,0.812987012987013
2022-04-01,% Within 24 Hours,75.0,St. James's Hospital,0.977430555555556
2022-04-01,% Within 24 Hours,75.0,Tallaght University Hospital,0.802734375
2022-04-01,% Within 24 Hours,75.0,National,0.903412377096588
2022-05-01,% Within 24 Hours,75.0,MRH Portlaoise,0.990740740740741
2022-05-01,% Within 24 Hours,75.0,MRH Tullamore,0.962633451957295
2022-05-01,% Within 24 Hours,75.0,Naas General Hospital,0.917808219178082
2022-05-01,% Within 24 Hours,75.0,St. James's Hospital,0.977312390924956
2022-05-01,% Within 24 Hours,75.0,Tallaght University Hospital,0.868940754039498
2022-05-01,% Within 24 Hours,75.0,National,0.914606608034229
2022-06-01,% Within 24 Hours,75.0,MRH Portlaoise,0.984076433121019
2022-06-01,% Within 24 Hours,75.0,MRH Tullamore,0.979323308270677
2022-06-01,% Within 24 Hours,75.0,Naas General Hospital,0.816176470588235
2022-06-01,% Within 24 Hours,75.0,St. James's Hospital,0.976449275362319
2022-06-01,% Within 24 Hours,75.0,Tallaght University Hospital,0.835978835978836
2022-06-01,% Within 24 Hours,75.0,National,0.895807165500329
2022-01-01,% Within 24 Hours,75.0,MRH Portlaoise,0.971119133574007
2022-01-01,% Within 24 Hours,75.0,MRH Tullamore,0.896
2022-01-01,% Within 24 Hours,75.0,Naas General Hospital,0.811428571428572
2022-01-01,% Within 24 Hours,75.0,St. James's Hospital,0.991166077738516
2022-01-01,% Within 24 Hours,75.0,Tallaght University Hospital,0.75492341356674
2022-01-01,% Within 24 Hours,75.0,National,0.896754563894523
2022-02-01,% Within 24 Hours,75.0,MRH Portlaoise,0.96474358974359
2022-02-01,% Within 24 Hours,75.0,MRH Tullamore,0.838174273858921
2022-02-01,% Within 24 Hours,75.0,Naas General Hospital,0.776470588235294
2022-02-01,% Within 24 Hours,75.0,St. James's Hospital,0.971042471042471
2022-02-01,% Within 24 Hours,75.0,Tallaght University Hospital,0.761992619926199
2022-02-01,% Within 24 Hours,75.0,National,0.882954466938437
2022-03-01,% Within 24 Hours,75.0,MRH Portlaoise,0.977564102564103
2022-03-01,% Within 24 Hours,75.0,MRH Tullamore,0.906542056074766
2022-03-01,% Within 24 Hours,75.0,Naas General Hospital,0.742152466367713
2022-03-01,% Within 24 Hours,75.0,St. James's Hospital,0.962418300653595
2022-03-01,% Within 24 Hours,75.0,Tallaght University Hospital,0.707964601769911
2022-03-01,% Within 24 Hours,75.0,National,0.878127618819586
2023-01-01,% Within 24 Hours,75.0,MRH Portlaoise,0.994
2023-01-01,% Within 24 Hours,75.0,MRH Tullamore,0.996
2023-01-01,% Within 24 Hours,75.0,Naas General Hospital,0.69
2023-01-01,% Within 24 Hours,75.0,St. James's Hospital,0.94
2023-01-01,% Within 24 Hours,75.0,Tallaght University Hospital,0.752
2023-01-01,% Within 24 Hours,75.0,National,0.878
2023-02-01,% Within 24 Hours,75.0,MRH Portlaoise,0.997
2023-02-01,% Within 24 Hours,75.0,MRH Tullamore,0.998
2023-02-01,% Within 24 Hours,75.0,Naas General Hospital,0.77
2023-02-01,% Within 24 Hours,75.0,St. James's Hospital,0.947
2023-02-01,% Within 24 Hours,75.0,Tallaght University Hospital,0.772
2023-02-01,% Within 24 Hours,75.0,National,0.892
2023-03-01,% Within 24 Hours,75.0,MRH Portlaoise,0.986
2023-03-01,% Within 24 Hours,75.0,MRH Tullamore,0.998
2023-03-01,% Within 24 Hours,75.0,Naas General Hospital,0.803
2023-03-01,% Within 24 Hours,75.0,St. James's Hospital,0.889
2023-03-01,% Within 24 Hours,75.0,Tallaght University Hospital,0.742
2023-03-01,% Within 24 Hours,75.0,National,0.877
2023-04-01,% Within 24 Hours,75.0,MRH Portlaoise,0.985
2023-04-01,% Within 24 Hours,75.0,MRH Tullamore,0.998
2023-04-01,% Within 24 Hours,75.0,Naas General Hospital,0.844
2023-04-01,% Within 24 Hours,75.0,St. James's Hospital,0.925
2023-04-01,% Within 24 Hours,75.0,Tallaght University Hospital,0.774
2023-04-01,% Within 24 Hours,75.0,National,0.895
2023-05-01,% Within 24 Hours,75.0,MRH Portlaoise,0.988
2023-05-01,% Within 24 Hours,75.0,MRH Tullamore,0.999
2023-05-01,% Within 24 Hours,75.0,Naas General Hospital,0.762
2023-05-01,% Within 24 Hours,75.0,St. James's Hospital,0.917
2023-05-01,% Within 24 Hours,75.0,Tallaght University Hospital,0.741
2023-05-01,% Within 24 Hours,75.0,National,0.896
2023-06-01,% Within 24 Hours,75.0,MRH Portlaoise,1
2023-06-01,% Within 24 Hours,75.0,MRH Tullamore,1
2023-06-01,% Within 24 Hours,75.0,Naas General Hospital,0.839
2023-06-01,% Within 24 Hours,75.0,St. James's Hospital,0.927
2023-06-01,% Within 24 Hours,75.0,Tallaght University Hospital,0.824
2023-06-01,% Within 24 Hours,75.0,National,0.93
2022-10-01,% Within 24 Hours,All,MRH Portlaoise,0.99167100468506
2022-10-01,% Within 24 Hours,All,MRH Tullamore,0.981132075471698
2022-10-01,% Within 24 Hours,All,Naas General Hospital,0.888888888888889
2022-10-01,% Within 24 Hours,All,St. James's Hospital,0.889272609540255
2022-10-01,% Within 24 Hours,All,Tallaght University Hospital,0.841749323715059
2022-10-01,% Within 24 Hours,All,National,0.947024326022561
2022-11-01,% Within 24 Hours,All,MRH Portlaoise,0.987130339539978
2022-11-01,% Within 24 Hours,All,MRH Tullamore,0.986301369863013
2022-11-01,% Within 24 Hours,All,Naas General Hospital,0.871889024887801
2022-11-01,% Within 24 Hours,All,St. James's Hospital,0.916516651665166
2022-11-01,% Within 24 Hours,All,Tallaght University Hospital,0.828497894244268
2022-11-01,% Within 24 Hours,All,National,0.946153125585462
2022-12-01,% Within 24 Hours,All,MRH Portlaoise,0.988406512086828
2022-12-01,% Within 24 Hours,All,MRH Tullamore,0.986189579409918
2022-12-01,% Within 24 Hours,All,Naas General Hospital,0.838400666389005
2022-12-01,% Within 24 Hours,All,St. James's Hospital,0.943020594965675
2022-12-01,% Within 24 Hours,All,Tallaght University Hospital,0.851289467341528
2022-12-01,% Within 24 Hours,All,National,0.938226157191675
2022-07-01,% Within 24 Hours,All,MRH Portlaoise,0.989748096074986
2022-07-01,% Within 24 Hours,All,MRH Tullamore,0.975816203143894
2022-07-01,% Within 24 Hours,All,Naas General Hospital,0.889351081530782
2022-07-01,% Within 24 Hours,All,St. James's Hospital,0.949701423977951
2022-07-01,% Within 24 Hours,All,Tallaght University Hospital,0.922124690524421
2022-07-01,% Within 24 Hours,All,National,0.95547930734321
2022-08-01,% Within 24 Hours,All,MRH Portlaoise,0.9875
2022-08-01,% Within 24 Hours,All,MRH Tullamore,0.987868284228769
2022-08-01,% Within 24 Hours,All,Naas General Hospital,0.865127582017011
2022-08-01,% Within 24 Hours,All,St. James's Hospital,0.980493273542601
2022-08-01,% Within 24 Hours,All,Tallaght University Hospital,0.890380313199105
2022-08-01,% Within 24 Hours,All,National,0.956992182652935
2022-09-01,% Within 24 Hours,All,MRH Portlaoise,0.994476833384474
2022-09-01,% Within 24 Hours,All,MRH Tullamore,0.989547038327526
2022-09-01,% Within 24 Hours,All,Naas General Hospital,0.881866997108633
2022-09-01,% Within 24 Hours,All,St. James's Hospital,0.942646730640482
2022-09-01,% Within 24 Hours,All,Tallaght University Hospital,0.864244315648685
2022-09-01,% Within 24 Hours,All,National,0.955421917557201
2022-04-01,% Within 24 Hours,All,MRH Portlaoise,0.989961617950989
2022-04-01,% Within 24 Hours,All,MRH Tullamore,0.9590065828845
2022-04-01,% Within 24 Hours,All,Naas General Hospital,0.907539682539683
2022-04-01,% Within 24 Hours,All,St. James's Hospital,0.972632079961923
2022-04-01,% Within 24 Hours,All,Tallaght University Hospital,0.875482625482625
2022-04-01,% Within 24 Hours,All,National,0.960799865001688
2022-05-01,% Within 24 Hours,All,MRH Portlaoise,0.988310308182784
2022-05-01,% Within 24 Hours,All,MRH Tullamore,0.978395061728395
2022-05-01,% Within 24 Hours,All,Naas General Hospital,0.954272863568216
2022-05-01,% Within 24 Hours,All,St. James's Hospital,0.9764120320277
2022-05-01,% Within 24 Hours,All,Tallaght University Hospital,0.89406872400963
2022-05-01,% Within 24 Hours,All,National,0.964844736660824
2022-06-01,% Within 24 Hours,All,MRH Portlaoise,0.991088833194096
2022-06-01,% Within 24 Hours,All,MRH Tullamore,0.975467647960748
2022-06-01,% Within 24 Hours,All,Naas General Hospital,0.902103907256333
2022-06-01,% Within 24 Hours,All,St. James's Hospital,0.978618050866532
2022-06-01,% Within 24 Hours,All,Tallaght University Hospital,0.887202718006795
2022-06-01,% Within 24 Hours,All,National,0.957328278396768
2022-01-01,% Within 24 Hours,All,MRH Portlaoise,0.985672419407359
2022-01-01,% Within 24 Hours,All,MRH Tullamore,0.949649883294432
2022-01-01,% Within 24 Hours,All,Naas General Hospital,0.909050772626932
2022-01-01,% Within 24 Hours,All,St. James's Hospital,0.980894800483676
2022-01-01,% Within 24 Hours,All,Tallaght University Hospital,0.864955624850084
2022-01-01,% Within 24 Hours,All,National,0.959029499478999
2022-02-01,% Within 24 Hours,All,MRH Portlaoise,0.986717267552182
2022-02-01,% Within 24 Hours,All,MRH Tullamore,0.924799465240642
2022-02-01,% Within 24 Hours,All,Naas General Hospital,0.9140625
2022-02-01,% Within 24 Hours,All,St. James's Hospital,0.973399014778325
2022-02-01,% Within 24 Hours,All,Tallaght University Hospital,0.844359828653023
2022-02-01,% Within 24 Hours,All,National,0.953400196798859
2022-03-01,% Within 24 Hours,All,MRH Portlaoise,0.989148128052089
2022-03-01,% Within 24 Hours,All,MRH Tullamore,0.944476409666283
2022-03-01,% Within 24 Hours,All,Naas General Hospital,0.896128784975086
2022-03-01,% Within 24 Hours,All,St. James's Hospital,0.961055819991346
2022-03-01,% Within 24 Hours,All,Tallaght University Hospital,0.835837631755999
2022-03-01,% Within 24 Hours,All,National,0.952780973695409
2023-01-01,% Within 24 Hours,All,MRH Portlaoise,0.995
2023-01-01,% Within 24 Hours,All,MRH Tullamore,0.994
2023-01-01,% Within 24 Hours,All,Naas General Hospital,0.841
2023-01-01,% Within 24 Hours,All,St. James's Hospital,0.924
2023-01-01,% Within 24 Hours,All,Tallaght University Hospital,0.852
2023-01-01,% Within 24 Hours,All,National,0.949
2023-02-01,% Within 24 Hours,All,MRH Portlaoise,0.995
2023-02-01,% Within 24 Hours,All,MRH Tullamore,0.997
2023-02-01,% Within 24 Hours,All,Naas General Hospital,0.869
2023-02-01,% Within 24 Hours,All,St. James's Hospital,0.93
2023-02-01,% Within 24 Hours,All,Tallaght University Hospital,0.864
2023-02-01,% Within 24 Hours,All,National,0.952
2023-03-01,% Within 24 Hours,All,MRH Portlaoise,0.986
2023-03-01,% Within 24 Hours,All,MRH Tullamore,0.999
2023-03-01,% Within 24 Hours,All,Naas General Hospital,0.865
2023-03-01,% Within 24 Hours,All,St. James's Hospital,0.893
2023-03-01,% Within 24 Hours,All,Tallaght University Hospital,0.859
2023-03-01,% Within 24 Hours,All,National,0.947
2023-04-01,% Within 24 Hours,All,MRH Portlaoise,0.99
2023-04-01,% Within 24 Hours,All,MRH Tullamore,0.999
2023-04-01,% Within 24 Hours,All,Naas General Hospital,0.898
2023-04-01,% Within 24 Hours,All,St. James's Hospital,0.918
2023-04-01,% Within 24 Hours,All,Tallaght University Hospital,0.867
2023-04-01,% Within 24 Hours,All,National,0.953
2023-05-01,% Within 24 Hours,All,MRH Portlaoise,0.991
2023-05-01,% Within 24 Hours,All,MRH Tullamore,0.998
2023-05-01,% Within 24 Hours,All,Naas General Hospital,0.867
2023-05-01,% Within 24 Hours,All,St. James's Hospital,0.909
2023-05-01,% Within 24 Hours,All,Tallaght University Hospital,0.87
2023-05-01,% Within 24 Hours,All,National,0.955
2023-06-01,% Within 24 Hours,All,MRH Portlaoise,0.997
2023-06-01,% Within 24 Hours,All,MRH Tullamore,0.999
2023-06-01,% Within 24 Hours,All,Naas General Hospital,0.912
2023-06-01,% Within 24 Hours,All,St. James's Hospital,0.915
2023-06-01,% Within 24 Hours,All,Tallaght University Hospital,0.895
2023-06-01,% Within 24 Hours,All,National,0.968
2022-10-01,% Within 6 Hours,75.0,MRH Portlaoise,0.455882352941176
2022-10-01,% Within 6 Hours,75.0,MRH Tullamore,0.362068965517241
2022-10-01,% Within 6 Hours,75.0,Naas General Hospital,0.227790432801822
2022-10-01,% Within 6 Hours,75.0,St. James's Hospital,0.298555377207063
2022-10-01,% Within 6 Hours,75.0,Tallaght University Hospital,0.205454545454545
2022-10-01,% Within 6 Hours,75.0,National,0.34135744480977
2022-11-01,% Within 6 Hours,75.0,MRH Portlaoise,0.360544217687075
2022-11-01,% Within 6 Hours,75.0,MRH Tullamore,0.353046594982079
2022-11-01,% Within 6 Hours,75.0,Naas General Hospital,0.205882352941176
2022-11-01,% Within 6 Hours,75.0,St. James's Hospital,0.313485113835377
2022-11-01,% Within 6 Hours,75.0,Tallaght University Hospital,0.162361623616236
2022-11-01,% Within 6 Hours,75.0,National,0.340242518368078
2022-12-01,% Within 6 Hours,75.0,MRH Portlaoise,0.357798165137615
2022-12-01,% Within 6 Hours,75.0,MRH Tullamore,0.326923076923077
2022-12-01,% Within 6 Hours,75.0,Naas General Hospital,0.202325581395349
2022-12-01,% Within 6 Hours,75.0,St. James's Hospital,0.308527131782946
2022-12-01,% Within 6 Hours,75.0,Tallaght University Hospital,0.193548387096774
2022-12-01,% Within 6 Hours,75.0,National,0.313866979918331
2022-07-01,% Within 6 Hours,75.0,MRH Portlaoise,0.497267759562842
2022-07-01,% Within 6 Hours,75.0,MRH Tullamore,0.373333333333333
2022-07-01,% Within 6 Hours,75.0,Naas General Hospital,0.250585480093677
2022-07-01,% Within 6 Hours,75.0,St. James's Hospital,0.303937007874016
2022-07-01,% Within 6 Hours,75.0,Tallaght University Hospital,0.211111111111111
2022-07-01,% Within 6 Hours,75.0,National,0.367926223127133
2022-08-01,% Within 6 Hours,75.0,MRH Portlaoise,0.44702842377261
2022-08-01,% Within 6 Hours,75.0,MRH Tullamore,0.390243902439024
2022-08-01,% Within 6 Hours,75.0,Naas General Hospital,0.25
2022-08-01,% Within 6 Hours,75.0,St. James's Hospital,0.351945854483926
2022-08-01,% Within 6 Hours,75.0,Tallaght University Hospital,0.217479674796748
2022-08-01,% Within 6 Hours,75.0,National,0.385219754253308
2022-09-01,% Within 6 Hours,75.0,MRH Portlaoise,0.419354838709678
2022-09-01,% Within 6 Hours,75.0,MRH Tullamore,0.456171735241503
2022-09-01,% Within 6 Hours,75.0,Naas General Hospital,0.225464190981432
2022-09-01,% Within 6 Hours,75.0,St. James's Hospital,0.285953177257525
2022-09-01,% Within 6 Hours,75.0,Tallaght University Hospital,0.211428571428571
2022-09-01,% Within 6 Hours,75.0,National,0.37396326104319
2022-04-01,% Within 6 Hours,75.0,MRH Portlaoise,0.411985018726592
2022-04-01,% Within 6 Hours,75.0,MRH Tullamore,0.267790262172285
2022-04-01,% Within 6 Hours,75.0,Naas General Hospital,0.241558441558442
2022-04-01,% Within 6 Hours,75.0,St. James's Hospital,0.355902777777778
2022-04-01,% Within 6 Hours,75.0,Tallaght University Hospital,0.177734375
2022-04-01,% Within 6 Hours,75.0,National,0.363279994858942
2022-05-01,% Within 6 Hours,75.0,MRH Portlaoise,0.41358024691358
2022-05-01,% Within 6 Hours,75.0,MRH Tullamore,0.300711743772242
2022-05-01,% Within 6 Hours,75.0,Naas General Hospital,0.317351598173516
2022-05-01,% Within 6 Hours,75.0,St. James's Hospital,0.321116928446771
2022-05-01,% Within 6 Hours,75.0,Tallaght University Hospital,0.262118491921005
2022-05-01,% Within 6 Hours,75.0,National,0.37936772046589
2022-06-01,% Within 6 Hours,75.0,MRH Portlaoise,0.420382165605096
2022-06-01,% Within 6 Hours,75.0,MRH Tullamore,0.31390977443609003
2022-06-01,% Within 6 Hours,75.0,Naas General Hospital,0.32843137254902
2022-06-01,% Within 6 Hours,75.0,St. James's Hospital,0.347826086956522
2022-06-01,% Within 6 Hours,75.0,Tallaght University Hospital,0.206349206349206
2022-06-01,% Within 6 Hours,75.0,National,0.368861774029547
2022-01-01,% Within 6 Hours,75.0,MRH Portlaoise,0.303249097472924
2022-01-01,% Within 6 Hours,75.0,MRH Tullamore,0.34
2022-01-01,% Within 6 Hours,75.0,Naas General Hospital,0.268571428571429
2022-01-01,% Within 6 Hours,75.0,St. James's Hospital,0.309187279151944
2022-01-01,% Within 6 Hours,75.0,Tallaght University Hospital,0.170678336980306
2022-01-01,% Within 6 Hours,75.0,National,0.36632860040568
2022-02-01,% Within 6 Hours,75.0,MRH Portlaoise,0.416666666666667
2022-02-01,% Within 6 Hours,75.0,MRH Tullamore,0.286307053941909
2022-02-01,% Within 6 Hours,75.0,Naas General Hospital,0.214705882352941
2022-02-01,% Within 6 Hours,75.0,St. James's Hospital,0.308880308880309
2022-02-01,% Within 6 Hours,75.0,Tallaght University Hospital,0.171586715867159
2022-02-01,% Within 6 Hours,75.0,National,0.356249568161404
2022-03-01,% Within 6 Hours,75.0,MRH Portlaoise,0.371794871794872
2022-03-01,% Within 6 Hours,75.0,MRH Tullamore,0.278504672897196
2022-03-01,% Within 6 Hours,75.0,Naas General Hospital,0.217488789237668
2022-03-01,% Within 6 Hours,75.0,St. James's Hospital,0.251633986928105
2022-03-01,% Within 6 Hours,75.0,Tallaght University Hospital,0.173451327433628
2022-03-01,% Within 6 Hours,75.0,National,0.342691248653178
2023-01-01,% Within 6 Hours,75.0,MRH Portlaoise,0.364
2023-01-01,% Within 6 Hours,75.0,MRH Tullamore,0.396
2023-01-01,% Within 6 Hours,75.0,Naas General Hospital,0.21
2023-01-01,% Within 6 Hours,75.0,St. James's Hospital,0.3
2023-01-01,% Within 6 Hours,75.0,Tallaght University Hospital,0.196
2023-01-01,% Within 6 Hours,75.0,National,0.348
2023-02-01,% Within 6 Hours,75.0,MRH Portlaoise,0.331
2023-02-01,% Within 6 Hours,75.0,MRH Tullamore,0.449
2023-02-01,% Within 6 Hours,75.0,Naas General Hospital,0.246
2023-02-01,% Within 6 Hours,75.0,St. James's Hospital,0.345
2023-02-01,% Within 6 Hours,75.0,Tallaght University Hospital,0.234
2023-02-01,% Within 6 Hours,75.0,National,0.357
2023-03-01,% Within 6 Hours,75.0,MRH Portlaoise,0.393
2023-03-01,% Within 6 Hours,75.0,MRH Tullamore,0.437
2023-03-01,% Within 6 Hours,75.0,Naas General Hospital,0.213
2023-03-01,% Within 6 Hours,75.0,St. James's Hospital,0.306
2023-03-01,% Within 6 Hours,75.0,Tallaght University Hospital,0.23
2023-03-01,% Within 6 Hours,75.0,National,0.345
2023-04-01,% Within 6 Hours,75.0,MRH Portlaoise,0.331
2023-04-01,% Within 6 Hours,75.0,MRH Tullamore,0.432
2023-04-01,% Within 6 Hours,75.0,Naas General Hospital,0.223
2023-04-01,% Within 6 Hours,75.0,St. James's Hospital,0.325
2023-04-01,% Within 6 Hours,75.0,Tallaght University Hospital,0.242
2023-04-01,% Within 6 Hours,75.0,National,0.347
2023-05-01,% Within 6 Hours,75.0,MRH Portlaoise,0.368
2023-05-01,% Within 6 Hours,75.0,MRH Tullamore,0.488
2023-05-01,% Within 6 Hours,75.0,Naas General Hospital,0.227
2023-05-01,% Within 6 Hours,75.0,St. James's Hospital,0.33
2023-05-01,% Within 6 Hours,75.0,Tallaght University Hospital,0.211
2023-05-01,% Within 6 Hours,75.0,National,0.364
2023-06-01,% Within 6 Hours,75.0,MRH Portlaoise,0.41
2023-06-01,% Within 6 Hours,75.0,MRH Tullamore,0.525
2023-06-01,% Within 6 Hours,75.0,Naas General Hospital,0.211
2023-06-01,% Within 6 Hours,75.0,St. James's Hospital,0.358
2023-06-01,% Within 6 Hours,75.0,Tallaght University Hospital,0.288
2023-06-01,% Within 6 Hours,75.0,National,0.378
2022-10-01,% Within 6 Hours,All,MRH Portlaoise,0.711348256116606
2022-10-01,% Within 6 Hours,All,MRH Tullamore,0.537010159651669
2022-10-01,% Within 6 Hours,All,Naas General Hospital,0.375047402351157
2022-10-01,% Within 6 Hours,All,St. James's Hospital,0.449384847830779
2022-10-01,% Within 6 Hours,All,Tallaght University Hospital,0.305906221821461
2022-10-01,% Within 6 Hours,All,National,0.552668980581072
2022-11-01,% Within 6 Hours,All,MRH Portlaoise,0.661555312157722
2022-11-01,% Within 6 Hours,All,MRH Tullamore,0.535491905354919
2022-11-01,% Within 6 Hours,All,Naas General Hospital,0.319053447572419
2022-11-01,% Within 6 Hours,All,St. James's Hospital,0.491449144914491
2022-11-01,% Within 6 Hours,All,Tallaght University Hospital,0.282873186710342
2022-11-01,% Within 6 Hours,All,National,0.548702616623993
2022-12-01,% Within 6 Hours,All,MRH Portlaoise,0.663295510606808
2022-12-01,% Within 6 Hours,All,MRH Tullamore,0.57187696170747
2022-12-01,% Within 6 Hours,All,Naas General Hospital,0.31695127030404
2022-12-01,% Within 6 Hours,All,St. James's Hospital,0.499313501144165
2022-12-01,% Within 6 Hours,All,Tallaght University Hospital,0.304169679440829
2022-12-01,% Within 6 Hours,All,National,0.518142280211246
2022-07-01,% Within 6 Hours,All,MRH Portlaoise,0.717047451669596
2022-07-01,% Within 6 Hours,All,MRH Tullamore,0.568621523579202
2022-07-01,% Within 6 Hours,All,Naas General Hospital,0.369800332778702
2022-07-01,% Within 6 Hours,All,St. James's Hospital,0.501837390904915
2022-07-01,% Within 6 Hours,All,Tallaght University Hospital,0.358541525995949
2022-07-01,% Within 6 Hours,All,National,0.573419422447962
2022-08-01,% Within 6 Hours,All,MRH Portlaoise,0.663068181818182
2022-08-01,% Within 6 Hours,All,MRH Tullamore,0.58001155401502
2022-08-01,% Within 6 Hours,All,Naas General Hospital,0.370595382746051
2022-08-01,% Within 6 Hours,All,St. James's Hospital,0.521973094170404
2022-08-01,% Within 6 Hours,All,Tallaght University Hospital,0.361968680089486
2022-08-01,% Within 6 Hours,All,National,0.585275261612276
2022-09-01,% Within 6 Hours,All,MRH Portlaoise,0.702362687941086
2022-09-01,% Within 6 Hours,All,MRH Tullamore,0.659170098194489
2022-09-01,% Within 6 Hours,All,Naas General Hospital,0.411813300289137
2022-09-01,% Within 6 Hours,All,St. James's Hospital,0.470653871903593
2022-09-01,% Within 6 Hours,All,Tallaght University Hospital,0.305171645118145
2022-09-01,% Within 6 Hours,All,National,0.584704187108005
2022-04-01,% Within 6 Hours,All,MRH Portlaoise,0.703572483023324
2022-04-01,% Within 6 Hours,All,MRH Tullamore,0.485936564931179
2022-04-01,% Within 6 Hours,All,Naas General Hospital,0.387301587301587
2022-04-01,% Within 6 Hours,All,St. James's Hospital,0.507139457401238
2022-04-01,% Within 6 Hours,All,Tallaght University Hospital,0.307915057915058
2022-04-01,% Within 6 Hours,All,National,0.586559230509619
2022-05-01,% Within 6 Hours,All,MRH Portlaoise,0.706429330499469
2022-05-01,% Within 6 Hours,All,MRH Tullamore,0.521324354657688
2022-05-01,% Within 6 Hours,All,Naas General Hospital,0.395427286356822
2022-05-01,% Within 6 Hours,All,St. James's Hospital,0.519368102142393
2022-05-01,% Within 6 Hours,All,Tallaght University Hospital,0.330925804333552
2022-05-01,% Within 6 Hours,All,National,0.590758444381511
2022-06-01,% Within 6 Hours,All,MRH Portlaoise,0.700640490114175
2022-06-01,% Within 6 Hours,All,MRH Tullamore,0.516099356025759
2022-06-01,% Within 6 Hours,All,Naas General Hospital,0.371404036066982
2022-06-01,% Within 6 Hours,All,St. James's Hospital,0.507990096781454
2022-06-01,% Within 6 Hours,All,Tallaght University Hospital,0.319592298980747
2022-06-01,% Within 6 Hours,All,National,0.576775987947619
2022-01-01,% Within 6 Hours,All,MRH Portlaoise,0.633669814392706
2022-01-01,% Within 6 Hours,All,MRH Tullamore,0.585861953984662
2022-01-01,% Within 6 Hours,All,Naas General Hospital,0.373068432671082
2022-01-01,% Within 6 Hours,All,St. James's Hospital,0.507376058041112
2022-01-01,% Within 6 Hours,All,Tallaght University Hospital,0.317822019668985
2022-01-01,% Within 6 Hours,All,National,0.587106104703388
2022-02-01,% Within 6 Hours,All,MRH Portlaoise,0.663504111321948
2022-02-01,% Within 6 Hours,All,MRH Tullamore,0.52072192513369
2022-02-01,% Within 6 Hours,All,Naas General Hospital,0.364583333333333
2022-02-01,% Within 6 Hours,All,St. James's Hospital,0.458866995073892
2022-02-01,% Within 6 Hours,All,Tallaght University Hospital,0.304140885292718
2022-02-01,% Within 6 Hours,All,National,0.570680581008007
2022-03-01,% Within 6 Hours,All,MRH Portlaoise,0.683396635919696
2022-03-01,% Within 6 Hours,All,MRH Tullamore,0.515822784810127
2022-03-01,% Within 6 Hours,All,Naas General Hospital,0.367573783058643
2022-03-01,% Within 6 Hours,All,St. James's Hospital,0.438554738208568
2022-03-01,% Within 6 Hours,All,Tallaght University Hospital,0.323166629289078
2022-03-01,% Within 6 Hours,All,National,0.566990811517912
2023-01-01,% Within 6 Hours,All,MRH Portlaoise,0.624
2023-01-01,% Within 6 Hours,All,MRH Tullamore,0.595
2023-01-01,% Within 6 Hours,All,Naas General Hospital,0.335
2023-01-01,% Within 6 Hours,All,St. James's Hospital,0.554
2023-01-01,% Within 6 Hours,All,Tallaght University Hospital,0.323
2023-01-01,% Within 6 Hours,All,National,0.575
2023-02-01,% Within 6 Hours,All,MRH Portlaoise,0.615
2023-02-01,% Within 6 Hours,All,MRH Tullamore,0.615
2023-02-01,% Within 6 Hours,All,Naas General Hospital,0.362
2023-02-01,% Within 6 Hours,All,St. James's Hospital,0.514
2023-02-01,% Within 6 Hours,All,Tallaght University Hospital,0.331
2023-02-01,% Within 6 Hours,All,National,0.561
2023-03-01,% Within 6 Hours,All,MRH Portlaoise,0.645
2023-03-01,% Within 6 Hours,All,MRH Tullamore,0.644
2023-03-01,% Within 6 Hours,All,Naas General Hospital,0.333
2023-03-01,% Within 6 Hours,All,St. James's Hospital,0.464
2023-03-01,% Within 6 Hours,All,Tallaght University Hospital,0.337
2023-03-01,% Within 6 Hours,All,National,0.546
2023-04-01,% Within 6 Hours,All,MRH Portlaoise,0.647
2023-04-01,% Within 6 Hours,All,MRH Tullamore,0.65
2023-04-01,% Within 6 Hours,All,Naas General Hospital,0.355
2023-04-01,% Within 6 Hours,All,St. James's Hospital,0.495
2023-04-01,% Within 6 Hours,All,Tallaght University Hospital,0.357
2023-04-01,% Within 6 Hours,All,National,0.555
2023-05-01,% Within 6 Hours,All,MRH Portlaoise,0.657
2023-05-01,% Within 6 Hours,All,MRH Tullamore,0.648
2023-05-01,% Within 6 Hours,All,Naas General Hospital,0.333
2023-05-01,% Within 6 Hours,All,St. James's Hospital,0.452
2023-05-01,% Within 6 Hours,All,Tallaght University Hospital,0.371
2023-05-01,% Within 6 Hours,All,National,0.575
2023-06-01,% Within 6 Hours,All,MRH Portlaoise,0.663
2023-06-01,% Within 6 Hours,All,MRH Tullamore,0.7
2023-06-01,% Within 6 Hours,All,Naas General Hospital,0.351
2023-06-01,% Within 6 Hours,All,St. James's Hospital,0.507
2023-06-01,% Within 6 Hours,All,Tallaght University Hospital,0.38
2023-06-01,% Within 6 Hours,All,National,0.581
2022-10-01,% Within 9 Hours,75.0,MRH Portlaoise,0.758823529411765
2022-10-01,% Within 9 Hours,75.0,MRH Tullamore,0.563793103448276
2022-10-01,% Within 9 Hours,75.0,Naas General Hospital,0.309794988610478
2022-10-01,% Within 9 Hours,75.0,St. James's Hospital,0.470304975922954
2022-10-01,% Within 9 Hours,75.0,Tallaght University Hospital,0.289090909090909
2022-10-01,% Within 9 Hours,75.0,National,0.500587130108032
2022-11-01,% Within 9 Hours,75.0,MRH Portlaoise,0.690476190476191
2022-11-01,% Within 9 Hours,75.0,MRH Tullamore,0.602150537634409
2022-11-01,% Within 9 Hours,75.0,Naas General Hospital,0.321078431372549
2022-11-01,% Within 9 Hours,75.0,St. James's Hospital,0.530647985989492
2022-11-01,% Within 9 Hours,75.0,Tallaght University Hospital,0.25830258302583
2022-11-01,% Within 9 Hours,75.0,National,0.509467773729168
2022-12-01,% Within 9 Hours,75.0,MRH Portlaoise,0.681957186544342
2022-12-01,% Within 9 Hours,75.0,MRH Tullamore,0.588141025641026
2022-12-01,% Within 9 Hours,75.0,Naas General Hospital,0.290697674418605
2022-12-01,% Within 9 Hours,75.0,St. James's Hospital,0.506976744186046
2022-12-01,% Within 9 Hours,75.0,Tallaght University Hospital,0.296015180265655
2022-12-01,% Within 9 Hours,75.0,National,0.459193376964815
2022-07-01,% Within 9 Hours,75.0,MRH Portlaoise,0.770491803278689
2022-07-01,% Within 9 Hours,75.0,MRH Tullamore,0.592380952380952
2022-07-01,% Within 9 Hours,75.0,Naas General Hospital,0.346604215456674
2022-07-01,% Within 9 Hours,75.0,St. James's Hospital,0.51496062992126
2022-07-01,% Within 9 Hours,75.0,Tallaght University Hospital,0.35
2022-07-01,% Within 9 Hours,75.0,National,0.531948020839571
2022-08-01,% Within 9 Hours,75.0,MRH Portlaoise,0.728682170542636
2022-08-01,% Within 9 Hours,75.0,MRH Tullamore,0.597560975609756
2022-08-01,% Within 9 Hours,75.0,Naas General Hospital,0.346534653465347
2022-08-01,% Within 9 Hours,75.0,St. James's Hospital,0.592216582064298
2022-08-01,% Within 9 Hours,75.0,Tallaght University Hospital,0.323170731707317
2022-08-01,% Within 9 Hours,75.0,National,0.551039697542533
2022-09-01,% Within 9 Hours,75.0,MRH Portlaoise,0.783870967741935
2022-09-01,% Within 9 Hours,75.0,MRH Tullamore,0.717352415026834
2022-09-01,% Within 9 Hours,75.0,Naas General Hospital,0.328912466843501
2022-09-01,% Within 9 Hours,75.0,St. James's Hospital,0.474916387959866
2022-09-01,% Within 9 Hours,75.0,Tallaght University Hospital,0.321904761904762
2022-09-01,% Within 9 Hours,75.0,National,0.546415187073785
2022-04-01,% Within 9 Hours,75.0,MRH Portlaoise,0.775280898876405
2022-04-01,% Within 9 Hours,75.0,MRH Tullamore,0.5
2022-04-01,% Within 9 Hours,75.0,Naas General Hospital,0.376623376623377
2022-04-01,% Within 9 Hours,75.0,St. James's Hospital,0.607638888888889
2022-04-01,% Within 9 Hours,75.0,Tallaght University Hospital,0.28515625
2022-04-01,% Within 9 Hours,75.0,National,0.542317331791016
2022-05-01,% Within 9 Hours,75.0,MRH Portlaoise,0.783950617283951
2022-05-01,% Within 9 Hours,75.0,MRH Tullamore,0.519572953736655
2022-05-01,% Within 9 Hours,75.0,Naas General Hospital,0.470319634703196
2022-05-01,% Within 9 Hours,75.0,St. James's Hospital,0.586387434554974
2022-05-01,% Within 9 Hours,75.0,Tallaght University Hospital,0.40394973070018
2022-05-01,% Within 9 Hours,75.0,National,0.554195388637984
2022-06-01,% Within 9 Hours,75.0,MRH Portlaoise,0.735668789808917
2022-06-01,% Within 9 Hours,75.0,MRH Tullamore,0.573308270676692
2022-06-01,% Within 9 Hours,75.0,Naas General Hospital,0.446078431372549
2022-06-01,% Within 9 Hours,75.0,St. James's Hospital,0.576086956521739
2022-06-01,% Within 9 Hours,75.0,Tallaght University Hospital,0.347442680776014
2022-06-01,% Within 9 Hours,75.0,National,0.535677971170525
2022-01-01,% Within 9 Hours,75.0,MRH Portlaoise,0.671480144404332
2022-01-01,% Within 9 Hours,75.0,MRH Tullamore,0.54
2022-01-01,% Within 9 Hours,75.0,Naas General Hospital,0.371428571428572
2022-01-01,% Within 9 Hours,75.0,St. James's Hospital,0.554770318021201
2022-01-01,% Within 9 Hours,75.0,Tallaght University Hospital,0.310722100656455
2022-01-01,% Within 9 Hours,75.0,National,0.537863421230561
2022-02-01,% Within 9 Hours,75.0,MRH Portlaoise,0.689102564102564
2022-02-01,% Within 9 Hours,75.0,MRH Tullamore,0.460580912863071
2022-02-01,% Within 9 Hours,75.0,Naas General Hospital,0.326470588235294
2022-02-01,% Within 9 Hours,75.0,St. James's Hospital,0.530888030888031
2022-02-01,% Within 9 Hours,75.0,Tallaght University Hospital,0.271217712177122
2022-02-01,% Within 9 Hours,75.0,National,0.519242727838043
2022-03-01,% Within 9 Hours,75.0,MRH Portlaoise,0.669871794871795
2022-03-01,% Within 9 Hours,75.0,MRH Tullamore,0.45607476635514
2022-03-01,% Within 9 Hours,75.0,Naas General Hospital,0.347533632286995
2022-03-01,% Within 9 Hours,75.0,St. James's Hospital,0.475490196078431
2022-03-01,% Within 9 Hours,75.0,Tallaght University Hospital,0.279646017699115
2022-03-01,% Within 9 Hours,75.0,National,0.506524601939423
2023-01-01,% Within 9 Hours,75.0,MRH Portlaoise,0.69
2023-01-01,% Within 9 Hours,75.0,MRH Tullamore,0.716
2023-01-01,% Within 9 Hours,75.0,Naas General Hospital,0.303
2023-01-01,% Within 9 Hours,75.0,St. James's Hospital,0.491
2023-01-01,% Within 9 Hours,75.0,Tallaght University Hospital,0.322
2023-01-01,% Within 9 Hours,75.0,National,0.52
2023-02-01,% Within 9 Hours,75.0,MRH Portlaoise,0.695
2023-02-01,% Within 9 Hours,75.0,MRH Tullamore,0.723
2023-02-01,% Within 9 Hours,75.0,Naas General Hospital,0.334
2023-02-01,% Within 9 Hours,75.0,St. James's Hospital,0.55
2023-02-01,% Within 9 Hours,75.0,Tallaght University Hospital,0.345
2023-02-01,% Within 9 Hours,75.0,National,0.533
2023-03-01,% Within 9 Hours,75.0,MRH Portlaoise,0.658
2023-03-01,% Within 9 Hours,75.0,MRH Tullamore,0.693
2023-03-01,% Within 9 Hours,75.0,Naas General Hospital,0.308
2023-03-01,% Within 9 Hours,75.0,St. James's Hospital,0.491
2023-03-01,% Within 9 Hours,75.0,Tallaght University Hospital,0.362
2023-03-01,% Within 9 Hours,75.0,National,0.51
2023-04-01,% Within 9 Hours,75.0,MRH Portlaoise,0.672
2023-04-01,% Within 9 Hours,75.0,MRH Tullamore,0.725
2023-04-01,% Within 9 Hours,75.0,Naas General Hospital,0.326
2023-04-01,% Within 9 Hours,75.0,St. James's Hospital,0.545
2023-04-01,% Within 9 Hours,75.0,Tallaght University Hospital,0.373
2023-04-01,% Within 9 Hours,75.0,National,0.524
2023-05-01,% Within 9 Hours,75.0,MRH Portlaoise,0.719
2023-05-01,% Within 9 Hours,75.0,MRH Tullamore,0.754
2023-05-01,% Within 9 Hours,75.0,Naas General Hospital,0.312
2023-05-01,% Within 9 Hours,75.0,St. James's Hospital,0.532
2023-05-01,% Within 9 Hours,75.0,Tallaght University Hospital,0.349
2023-05-01,% Within 9 Hours,75.0,National,0.541
2023-06-01,% Within 9 Hours,75.0,MRH Portlaoise,0.733
2023-06-01,% Within 9 Hours,75.0,MRH Tullamore,0.81
2023-06-01,% Within 9 Hours,75.0,Naas General Hospital,0.34
2023-06-01,% Within 9 Hours,75.0,St. James's Hospital,0.569
2023-06-01,% Within 9 Hours,75.0,Tallaght University Hospital,0.404
2023-06-01,% Within 9 Hours,75.0,National,0.567
2022-10-01,% Within 9 Hours,All,MRH Portlaoise,0.882092660072879
2022-10-01,% Within 9 Hours,All,MRH Tullamore,0.715529753265602
2022-10-01,% Within 9 Hours,All,Naas General Hospital,0.518392112248768
2022-10-01,% Within 9 Hours,All,St. James's Hospital,0.647312756313404
2022-10-01,% Within 9 Hours,All,Tallaght University Hospital,0.442290351668169
2022-10-01,% Within 9 Hours,All,National,0.719667275066575
2022-11-01,% Within 9 Hours,All,MRH Portlaoise,0.849671412924425
2022-11-01,% Within 9 Hours,All,MRH Tullamore,0.742839352428394
2022-11-01,% Within 9 Hours,All,Naas General Hospital,0.470420236638107
2022-11-01,% Within 9 Hours,All,St. James's Hospital,0.690819081908191
2022-11-01,% Within 9 Hours,All,Tallaght University Hospital,0.420917173607862
2022-11-01,% Within 9 Hours,All,National,0.717190720039968
2022-12-01,% Within 9 Hours,All,MRH Portlaoise,0.847804637395166
2022-12-01,% Within 9 Hours,All,MRH Tullamore,0.750156936597615
2022-12-01,% Within 9 Hours,All,Naas General Hospital,0.476884631403582
2022-12-01,% Within 9 Hours,All,St. James's Hospital,0.693821510297483
2022-12-01,% Within 9 Hours,All,Tallaght University Hospital,0.445167510243432
2022-12-01,% Within 9 Hours,All,National,0.689095992544269
2022-07-01,% Within 9 Hours,All,MRH Portlaoise,0.878441710603398
2022-07-01,% Within 9 Hours,All,MRH Tullamore,0.742140266021766
2022-07-01,% Within 9 Hours,All,Naas General Hospital,0.51372712146422606
2022-07-01,% Within 9 Hours,All,St. James's Hospital,0.691777675700505
2022-07-01,% Within 9 Hours,All,Tallaght University Hospital,0.518118388476255
2022-07-01,% Within 9 Hours,All,National,0.731303928942676
2022-08-01,% Within 9 Hours,All,MRH Portlaoise,0.847727272727273
2022-08-01,% Within 9 Hours,All,MRH Tullamore,0.762853841709994
2022-08-01,% Within 9 Hours,All,Naas General Hospital,0.522883758606723
2022-08-01,% Within 9 Hours,All,St. James's Hospital,0.725336322869955
2022-08-01,% Within 9 Hours,All,Tallaght University Hospital,0.518791946308725
2022-08-01,% Within 9 Hours,All,National,0.742011002192166
2022-09-01,% Within 9 Hours,All,MRH Portlaoise,0.880945075176435
2022-09-01,% Within 9 Hours,All,MRH Tullamore,0.831485587583149
2022-09-01,% Within 9 Hours,All,Naas General Hospital,0.575795125981
2022-09-01,% Within 9 Hours,All,St. James's Hospital,0.67395670609239
2022-09-01,% Within 9 Hours,All,Tallaght University Hospital,0.449621043245653
2022-09-01,% Within 9 Hours,All,National,0.74288474833207
2022-04-01,% Within 9 Hours,All,MRH Portlaoise,0.881606141127842
2022-04-01,% Within 9 Hours,All,MRH Tullamore,0.686415320167564
2022-04-01,% Within 9 Hours,All,Naas General Hospital,0.547222222222222
2022-04-01,% Within 9 Hours,All,St. James's Hospital,0.727034745359353
2022-04-01,% Within 9 Hours,All,Tallaght University Hospital,0.441843629343629
2022-04-01,% Within 9 Hours,All,National,0.749460006749916
2022-05-01,% Within 9 Hours,All,MRH Portlaoise,0.879383634431456
2022-05-01,% Within 9 Hours,All,MRH Tullamore,0.703703703703704
2022-05-01,% Within 9 Hours,All,Naas General Hospital,0.565967016491754
2022-05-01,% Within 9 Hours,All,St. James's Hospital,0.74572603332612
2022-05-01,% Within 9 Hours,All,Tallaght University Hospital,0.490917049682644
2022-05-01,% Within 9 Hours,All,National,0.755344472594509
2022-06-01,% Within 9 Hours,All,MRH Portlaoise,0.870509607351713
2022-06-01,% Within 9 Hours,All,MRH Tullamore,0.712051517939283
2022-06-01,% Within 9 Hours,All,Naas General Hospital,0.52211249463289
2022-06-01,% Within 9 Hours,All,St. James's Hospital,0.726536124240378
2022-06-01,% Within 9 Hours,All,Tallaght University Hospital,0.469082672706682
2022-06-01,% Within 9 Hours,All,National,0.737960035097595
2022-01-01,% Within 9 Hours,All,MRH Portlaoise,0.837186584174536
2022-01-01,% Within 9 Hours,All,MRH Tullamore,0.747249083027676
2022-01-01,% Within 9 Hours,All,Naas General Hospital,0.551434878587197
2022-01-01,% Within 9 Hours,All,St. James's Hospital,0.721644498186215
2022-01-01,% Within 9 Hours,All,Tallaght University Hospital,0.456704245622451
2022-01-01,% Within 9 Hours,All,National,0.747628543710251
2022-02-01,% Within 9 Hours,All,MRH Portlaoise,0.840290955091714
2022-02-01,% Within 9 Hours,All,MRH Tullamore,0.692847593582888
2022-02-01,% Within 9 Hours,All,Naas General Hospital,0.549913194444444
2022-02-01,% Within 9 Hours,All,St. James's Hospital,0.693596059113301
2022-02-01,% Within 9 Hours,All,Tallaght University Hospital,0.420752022846264
2022-02-01,% Within 9 Hours,All,National,0.732660485858467
2022-03-01,% Within 9 Hours,All,MRH Portlaoise,0.859196961475855
2022-03-01,% Within 9 Hours,All,MRH Tullamore,0.686133486766398
2022-03-01,% Within 9 Hours,All,Naas General Hospital,0.53315446531238
2022-03-01,% Within 9 Hours,All,St. James's Hospital,0.654262224145392
2022-03-01,% Within 9 Hours,All,Tallaght University Hospital,0.447858264184795
2022-03-01,% Within 9 Hours,All,National,0.732470172894766
2023-01-01,% Within 9 Hours,All,MRH Portlaoise,0.835
2023-01-01,% Within 9 Hours,All,MRH Tullamore,0.797
2023-01-01,% Within 9 Hours,All,Naas General Hospital,0.478
2023-01-01,% Within 9 Hours,All,St. James's Hospital,0.715
2023-01-01,% Within 9 Hours,All,Tallaght University Hospital,0.479
2023-01-01,% Within 9 Hours,All,National,0.736
2023-02-01,% Within 9 Hours,All,MRH Portlaoise,0.828
2023-02-01,% Within 9 Hours,All,MRH Tullamore,0.819
2023-02-01,% Within 9 Hours,All,Naas General Hospital,0.499
2023-02-01,% Within 9 Hours,All,St. James's Hospital,0.702
2023-02-01,% Within 9 Hours,All,Tallaght University Hospital,0.484
2023-02-01,% Within 9 Hours,All,National,0.728
2023-03-01,% Within 9 Hours,All,MRH Portlaoise,0.833
2023-03-01,% Within 9 Hours,All,MRH Tullamore,0.827
2023-03-01,% Within 9 Hours,All,Naas General Hospital,0.483
2023-03-01,% Within 9 Hours,All,St. James's Hospital,0.656
2023-03-01,% Within 9 Hours,All,Tallaght University Hospital,0.486
2023-03-01,% Within 9 Hours,All,National,0.717
2023-04-01,% Within 9 Hours,All,MRH Portlaoise,0.84
2023-04-01,% Within 9 Hours,All,MRH Tullamore,0.841
2023-04-01,% Within 9 Hours,All,Naas General Hospital,0.495
2023-04-01,% Within 9 Hours,All,St. James's Hospital,0.69
2023-04-01,% Within 9 Hours,All,Tallaght University Hospital,0.517
2023-04-01,% Within 9 Hours,All,National,0.722
2023-05-01,% Within 9 Hours,All,MRH Portlaoise,0.853
2023-05-01,% Within 9 Hours,All,MRH Tullamore,0.835
2023-05-01,% Within 9 Hours,All,Naas General Hospital,0.467
2023-05-01,% Within 9 Hours,All,St. James's Hospital,0.653
2023-05-01,% Within 9 Hours,All,Tallaght University Hospital,0.522
2023-05-01,% Within 9 Hours,All,National,0.738
2023-06-01,% Within 9 Hours,All,MRH Portlaoise,0.851
2023-06-01,% Within 9 Hours,All,MRH Tullamore,0.88
2023-06-01,% Within 9 Hours,All,Naas General Hospital,0.499
2023-06-01,% Within 9 Hours,All,St. James's Hospital,0.692
2023-06-01,% Within 9 Hours,All,Tallaght University Hospital,0.515
2023-06-01,% Within 9 Hours,All,National,0.746
